,University,Country,THE 2022,QS 2023,ARWU 2021,USNWR 2022,Average ,Ranking based on the average
0,Harvard University,United States,2,5,1,1,2.3,1
1,Massachusetts Institute of Technology (MIT),United States,5,1,4,2,3,2
2,Stanford University,United States,4,3,2,3,3,3
3,University of Oxford,United Kingdom,1,4,7,5,4.3,4
4,University of Cambridge,United Kingdom,5,2,3,8,4.5,5
5,California Institute of Technology (Caltech),United States,2,6,9,9,6.5,6
6,"University of California, Berkeley (UCB)",United States,8,27,5,4,11,7
7,University of Chicago,United States,10,10,10,15,11.3,8
8,Princeton University,United States,7,16,6,16,11.3,9
9,Columbia University,United States,11,22,8,6,11.8,10
10,Yale University,United States,9,18,11,12,12.5,11
11,University of Pennsylvania,United States,13,13,15,13,13.5,12
12,University College London (UCL),United Kingdom,18,8,17,16,14.8,13
13,Johns Hopkins University,United States,13,24,16,9,15.5,14
14,Imperial College London,United Kingdom,12,6,25,20,15.8,15
15,ETH Zurich (Swiss Federal Institute of Technology),Switzerland,15,9,21,26,17.8,16
16,Cornell University,United States,22,20,12,22,19,17
17,Tsinghua University,China,16,14,28,26,21,18
18,University of Toronto,Canada,18,34,22,16,22.5,19
19,"University of California, Los Angeles (UCLA)",United States,20,44,14,14,23,20
20,"University of Michigan, Ann Arbor",United States,24,25,26,19,23.5,21
21,Northwestern University,United States,24,32,34,24,28.5,22
22,University of Edinburgh,United Kingdom,30,15,38,32,28.8,23
23,Peking University,China,16,12,45,45,29.5,24
24,New York University (NYU),United States,26,39,27,30,30.5,25
25,University of Melbourne,Australia,33,33,33,25,31,26
26,"University of California, San Diego (UCSD)",United States,34,53,18,21,31.5,27
27,Duke University,United States,23,50,32,23,32,28
28,University of Washington,United States,29,80,19,7,33.8,29
29,National University of Singapore (NUS),Singapore,21,11,75,29,34,30
30,King's College London,United Kingdom,35,37,47,33,38,31
31,University of Tokyo,Japan,35,23,24,77,39.8,32
32,University of British Columbia,Canada,37,47,42,35,40.3,33
33,University of Manchester,United Kingdom,50,28,35,58,42.8,34
34,Nanyang Technological University (NTU),Singapore,46,19,81,33,44.8,35
35,Ludwig-Maximilians-Universität München (LMU),Germany,32,59,48,46,46.3,36
36,University of Queensland,Australia,54,50,51,36,47.8,37
37,McGill University,Canada,44,31,67,51,48.3,38
38,University of Sydney,Australia,58,41,69,28,49,39
39,University of Texas at Austin,United States,47,72,41,43,50.8,40
40,Technical University of Munich (TUM),Germany,38,49,52,74,53.3,41
41,Australian National University,Australia,54,30,76,56,54,42
42,EPFL,Switzerland,40,16,91,70,54.3,43
43,Ruprecht-Karls-Universität Heidelberg,Germany,42,65,57,54,54.5,43
44,University of New South Wales (UNSW Sydney),Australia,70,45,65,41,55.3,45
45,"University of North Carolina, Chapel Hill",United States,52,102,29,39,55.5,46
46,Washington University in St. Louis,United States,51,118,23,31,55.8,47
47,University of Wisconsin-Madison,United States,58,83,31,52,56,48
48,University of Hong Kong,Hong Kong,30,21,101,76,57,49
49,Sorbonne University,France,88,60,35,46,57.3,50
50,Monash University,Australia,57,57,80,40,58.5,51
51,University of Copenhagen,Denmark,96,82,30,37,61.3,52
52,KU Leuven,Belgium,42,76,87,48,63.3,53
53,Université Paris-Saclay,France,117,69,13,60,64.8,54
54,University of Illinois at Urbana-Champaign,United States,48,85,55,72,65,55
55,Kyoto University,Japan,61,36,37,127,65.3,56
56,University of Amsterdam,Netherlands,65,58,101,38,65.5,57
57,Chinese University of Hong Kong (CUHK),Hong Kong,49,38,101,82,67.5,57
58,University of Zurich,Switzerland,75,83,54,64,69,59
59,Carnegie Mellon University,United States,28,52,97,102,69.8,60
60,Utrecht University,Netherlands,69,112,50,48,69.8,61
61,Zhejiang University (National Che Kiang University),China,75,42,52,115,71,62
62,Georgia Institute of Technology,United States,45,88,101,58,73,63
63,Shanghai Jiao Tong University,China,84,46,59,105,73.5,64
64,Fudan University,China,60,34,77,141,78,65
65,Seoul National University,South Korea,54,29,101,130,78.5,66
66,University of Bristol,United Kingdom,92,61,78,92,80.8,67
67,University of Southern California (USC),United States,63,134,61,70,82,68
68,Boston University,United States,62,108,95,65,82.5,69
69,"University of California, Davis",United States,67,102,100,67,84,70
70,"University of California, Santa Barbara (UCSB)",United States,68,149,57,67,85.3,71
71,Brown University,United States,64,63,101,119,86.8,72
72,University of Science and Technology of China,China,88,94,63,110,88.8,73
73,Wageningen University & Research,Netherlands,53,124,101,80,89.5,74
74,University of Minnesota Twin Cities,United States,86,185,40,55,91.5,75
75,Université PSL,France,40,26,38,263,91.8,76
76,Leiden University,Netherlands,71,131,83,82,91.8,77
77,University of Oslo,Norway,119,101,61,90,92.8,78
78,"University of Maryland, College Park",United States,93,164,56,60,93.3,79
79,University of Groningen,Netherlands,80,145,64,88,94.3,80
80,Ohio State University,United States,85,140,101,52,94.5,81
81,University of Helsinki,Finland,101,106,82,94,95.8,82
82,University of Warwick,United Kingdom,78,64,101,144,96.8,83
83,University of Adelaide,Australia,111,109,101,66,96.8,84
84,University of Birmingham,United Kingdom,105,91,101,91,97,85
85,Pennsylvania State University,United States,119,93,101,80,98.3,86
86,University of Western Australia,Australia,132,90,96,78,99,87
87,University of Glasgow,United Kingdom,86,81,151,84,100.5,88
88,Ghent University,Belgium,96,143,71,92,100.5,89
89,Emory University,United States,82,155,101,74,103,91
90,Hong Kong Polytechnic University,Hong Kong,91,65,151,124,107.8,92
91,University of Bern,Switzerland,101,120,101,114,109,93
92,Aarhus University,Denmark,104,161,71,103,109.8,94
93,University of Sheffield,United Kingdom,110,96,101,135,110.5,95
94,Erasmus University Rotterdam,Netherlands,72,208,101,62,110.8,96
95,Purdue University,United States,105,129,86,127,111.8,97
96,University of Southampton,United Kingdom,124,78,151,97,112.5,98
97,Uppsala University,Sweden,131,128,78,113,112.5,99
98,Vanderbilt University,United States,113,199,65,73,112.5,100
99,Université de Montréal,Canada,88,116,101,151,114,101
100,Lund University,Sweden,116,95,151,95,114.3,102
101,McMaster University,Canada,80,152,92,133,114.3,103
102,Delft University of Technology (TU Delft),Netherlands,75,61,151,174,115.3,104
103,University of Basel,Switzerland,103,136,87,135,115.3,105
104,Michigan State University,United States,93,159,101,108,115.3,106
105,University of Leeds,United Kingdom,127,86,101,149,115.8,107
106,London School of Economics and Political Science (LSE),United Kingdom,27,56,151,230,116,108
107,University of Pittsburgh,United States,140,181,101,42,116,109
108,University of Alberta,Canada,125,110,101,135,117.8,110
109,Nanjing University,China,105,133,101,135,118.5,111
110,University of Geneva,Switzerland,197,125,60,101,120.8,112
111,"University of California, Irvine",United States,98,235,70,86,122.3,113
112,City University of Hong Kong,Hong Kong,151,54,151,141,124.3,114
113,Rice University,United States,136,100,101,167,126,115
114,University of Nottingham,United Kingdom,141,114,101,151,126.8,116
115,Vrije Universiteit Amsterdam (VU Amsterdam),Netherlands,115,214,101,84,128.5,117
116,Rheinische Friedrich-Wilhelms-Universität Bonn,Germany,112,201,84,119,129,118
117,Stockholm University,Sweden,176,153,74,123,131.5,119
118,University of Florida,United States,154,188,97,99,134.5,120
119,University of Auckland,New Zealand,137,87,201,118,135.8,121
120,Case Western Reserve University,United States,126,176,101,144,136.8,122
121,Queen Mary University of London,United Kingdom,117,125,201,110,138.3,123
122,University of Freiburg,Germany,108,189,101,172,142.5,124
123,University of Göttingen,Germany,119,204,101,149,143.3,125
124,University of Colorado Boulder,United States,158,317,46,62,145.8,128
125,Eberhard Karls Universität Tübingen (University of Tübingen),Germany,78,177,151,180,146.5,129
126,University of Gothenburg,Sweden,185,180,101,134,150,130
127,Technical University of Denmark (Danmarks Tekniske Universitet),Denmark,185,104,151,161,150.3,131
128,University of Rochester,United States,142,147,151,161,150.3,132
129,University of Technology Sydney,Australia,143,137,201,127,152,133
130,Arizona State University,United States,132,216,101,165,153.5,134
131,University of Virginia,United States,127,226,151,110,153.5,135
132,Universitat de Barcelona,Spain,193,184,151,87,153.8,136
133,Trinity College Dublin (University of Dublin),Ireland,146,98,151,222,154.3,137
134,University of Arizona,United States,150,268,101,99,154.5,138
135,University of Exeter,United Kingdom,143,163,151,163,155,139
136,University of Liverpool,United Kingdom,178,189,101,155,155.8,140
137,Newcastle University,United Kingdom,146,122,201,156,156.3,141
138,University of Vienna (Universität Wien),Austria,137,151,151,201,160,142
139,Texas A&M University,United States,193,164,151,140,162,143
140,Lomonosov Moscow State University,Russia,158,75,97,324,163.5,144
141,University of Lausanne,Switzerland,176,203,101,184,166,145
142,Cardiff University,United Kingdom,189,166,151,166,168,146
143,University of Waterloo,Canada,201,154,151,199,176.3,147
144,Karlsruhe Institute of Technology (KIT),Germany,180,141,201,216,184.5,148
145,University of Calgary,Canada,201,235,151,169,189,149
146,Huazhong University of Science and Technology,China,181,334,101,176,198,150
147,Tufts University,United States,172,275,151,198,199,151
148,Dartmouth College,United States,99,191,301,247,209.5,152
149,University of Utah,United States,251,358,101,151,215.3,153
150,Karolinska Institutet,Sweden,39,1500,42,48,407.3,154
151,Humboldt Universität zu Berlin,Germany,74,131,1500,78,445.8,155
152,Freie Universitaet Berlin,Germany,83,118,1500,95,449,156
153,University of Massachusetts Amherst,United States,1500,246,201,148,523.8,157
154,University of California San Francisco (UCSF),United States,1500,1500,20,11,757.8,158
155,University of Texas Southwestern Medical Center at Dallas,United States,1500,1500,48,124,793,159
156,Weizmann Institute of Science,Israel,1500,1500,92,122,803.5,160
157,Université catholique de Louvain (UCLouvain),Belgium,158,188,151-200,159,202.36,161
158,Università di Padova (University of Padua),Italy,201-250,242,151-200,160,204.86,162
159,Sapienza University of Rome,Italy,197,171,151-200,124,206.93,163
160,Universität Hamburg,Germany,132,214,201-300,156,207.21,164
161,Wuhan University,China,157,225,151-200,209,207.93,165
162,KTH Royal Institute of Technology (Kungliga Tekniska Högskolan),Sweden,201-250,89,201-300,212,209.14,166
163,RWTH Aachen University (Rheinisch Westfalische Technische Hochschule Aachen),Germany,108,165,201-300,192,210.07,167
164,Alma Mater Studiorum - University of Bologna,Italy,172,166,201-300,117,212.64,168
165,Lancaster University,United Kingdom,122,132,301-400,187,215.64,169
166,Sun Yat-sen University (Zhongshan University),China,251-300,260,89,159,218.07,170
167,University of Ottawa,Canada,162,230,201-300,,220.21,171
168,University of Notre Dame,United States,183,222,301-400,,224.21,172
169,Northeastern University (Boston),United States,168,342,201-300,,224.36,173
170,Korea Advanced Institute of Science & Technology (KAIST),South Korea,99,41,201-300,174,224.93,
171,Georgetown University,United States,130,248,201-300,,225.79,175
172,University of Aberdeen,United Kingdom,158,205,201-300,,226.79,176
173,Universidade de São Paulo (USP),Brazil,201-250,121,101-150,,228.14,177
174,Hebrew University of Jerusalem,Israel,301-350,198,90,,228.21,178
175,King Abdulaziz University (KAU),Saudi Arabia,190,109,101-150,,229.36,179
176,Maastricht University,Netherlands,127,233,201-300,,229.79,180
177,Curtin University (formerly Curtin University of Technology),Australia,251-300,194,201-300,,229.86,181
178,Technische Universität Dresden (TU Dresden),Germany,172,194,201-300,,231.07,182
179,National Taiwan University (NTU),Taiwan,113,68,201-300,,231.79,183
180,University of York,United Kingdom,169,151,401-500,,232.93,184
181,University of Wollongong,Australia,201-250,193,201-300,,236.29,185
182,Macquarie University,Australia,192,200,201-300,,237.5,186
183,Queensland University of Technology (QUT),Australia,193,213,201-300,,238.79,187
184,University of Miami,United States,201-250,311,201-300,,239.14,188
185,Institut Polytechnique de Paris,France,91,49,301-400,,240.58,189
186,University of East Anglia (UEA),United Kingdom,182,307,201-300,,242.21,190
187,Julius-Maximilians-Universität Würzburg,Germany,165,378,201-300,,244.21,191
188,Université Grenoble Alpes,France,351-400,314,101-150,,245.43,192
189,University of Antwerp,Belgium,143,233,201-300,,245.93,193
190,Eindhoven University of Technology,Netherlands,201-250,125,301-400,,--,194
191,Goethe University Frankfurt,Germany,301-350,340,151-200,,247.67,195
192,University of St Andrews,United Kingdom,201-250,91,301-400,,--,196
193,Tel Aviv University,Israel,201-250,255,151-200,,--,197
194,University of Illinois at Chicago (UIC),United States,301-350,285,201-300,,--,198
195,Aalto University,Finland,201-250,112,301-400,,--,199
196,University of Leicester,United Kingdom,185,236,301-400,,253.64,200
197,Tongji University,China,301-350,211,151-200,,--,201
198,University of Bergen,Norway,201-250,199,301-400,,--,202
199,University College Dublin,Ireland,201-250,173,301-400,,--,203
200,Friedrich-Alexander-Universität Erlangen-Nürnberg (FAU),Germany,197,322,201-300,,263.21,204
201,Harbin Institute of Technology,China,501-600,236,151-200,,--,205
202,Griffith University,Australia,201-250,290,201-300,,--,206
203,Deakin University,Australia,251-300,283,201-300,,--,207
204,Osaka University,Japan,301-350,75,151-200,,--,208
205,Universitat Pompeu Fabra (Barcelona),Spain,156,248,401-500,,271.64,209
206,Tohoku University,Japan,201-250,82,151-200,,--,210
207,Nankai University,China,301-350,358,201-300,,273.86,211
208,"University of Massachusetts Chan Medical School (University of Massachusetts Worcester, UMass Medical School)",United States,,,201-300,,276.7,212
209,Xi’an Jiaotong University,China,401-500,290,101-150,,280.57,213
210,"University of Newcastle, Australia (UON)",Australia,251-300,197,301-400,,,214
211,"University of Tennessee, Knoxville",United States,301-350,541-550,201-300,,284.21,215
212,Technische Universität Berlin (TU Berlin),Germany,139,159,201-300,,,216
213,Queen's University Belfast,United Kingdom,201-250,216,401-500,,--,217
214,University of Bath,United Kingdom,201-250,166,301-400,,--,218
215,RMIT University,Australia,301-350,206,301-400,,--,219
216,Korea University,South Korea,201-250,74,201-300,,295.5,220
217,Tokyo Institute of Technology (Tokyo Tech),Japan,301-350,56,101-150,,,221
218,University of Otago,New Zealand,201-250,194,301-400,,,222
219,Chalmers University of Technology,Sweden,251-300,121,401-500,,--,223
220,University of Twente,Netherlands,201-250,189,401-500,,--,224
221,"Universiti Malaya (UM,University of Malaya)",Malaysia,301-350,65,301-400,,,225
222,King Saud University,Saudi Arabia,351-400,277,101-150,,,226
223,Universität Duisburg-Essen,Germany,251-300,801-1000,301-400,,--,227
224,Rutgers University–New Brunswick,United States,66,264,101-150,,,228
225,Indiana University Bloomington,United States,Indiana University (167),311,101-150,,--,229
226,North Carolina State University,United States,301-350,300,201-300,,--,230
227,University of Milan,Italy,301-350,316,151-200,,--,231
228,"University of California, Santa Cruz",United States,201-250,347,151-200,,--,232
229,"University of California, Riverside",United States,251-300,403,201-300,,--,233
230,University of Cincinnati,United States,,601-650,201-300,,--,234
231,George Washington University,United States,201-250,355,301-400,,--,235
232,"Stony Brook University, SUNY (State University of New York at Stony Brook, SBU)",United States,301-350,378,301-400,,--,236
233,Florida State University,United States,251-300,475,201-300,,--,237
234,Johannes Gutenberg Universität Mainz,Germany,301-350,427,201-300,,--,238
235,South China University of Technology,China,401-500,407,151-200,,--,239
236,University of Dundee,United Kingdom,201-250,322,301-400,,,240
237,Aix-Marseille University,France,301-350,501-510,101-150,,,240
238,Hunan University,China,401-500,571-580,201-300,195,342,241
239,Universidad de Buenos Aires (UBA),Argentina,,69,201-300,,,242
240,Yonsei University,South Korea,151,79,201-300,,,243
241,Pohang University of Science and Technology (POSTECH),South Korea,185,81,401-500,,,244
242,Durham University,United Kingdom,162,82,301-400,,,245
243,Sungkyunkwan University (SKKU),South Korea,122,97,201-300,,,246
244,"Universidad Nacional Autónoma de México (UNAM, National Autonomous University of Mexico)",Mexico,,105,201-300,,,247
245,Nagoya University,Japan,351-400,118,84,,,248
246,École Normale Supérieure de Lyon (ENS de Lyon),France,301-350,130,301-400,,,249
247,"Pontificia Universidad Católica de Chile (UC, Pontifical Catholic University of Chile)",Chile,,135,501-600,,,250
248,Kyushu University,Japan,,137,201-300,,,251
249,Politecnico di Milano (Polytechnic University of Milan),Italy,351-400,142,201-300,,,252
250,"Universiti Putra Malaysia (UPM, Putra University Malaysia)",Malaysia,,143,,,,253
251,"Universiti Kebangsaan Malaysia (UKM, National University of Malaysia)",Malaysia,,144,501-600,,,254
252,Hokkaido University,Japan,,145,151-200,,,255
253,"Universiti Sains Malaysia (USM, University of Science Malaysia)",Malaysia,,147,,,,256
254,Hanyang University,South Korea,351-400,156,201-300,,,257
255,Tecnológico de Monterrey (Monterrey Institute of Technology and Higher Education),Mexico,,161,,,,258
256,King Fahd University of Petroleum & Minerals (KFUPM),Saudi Arabia,351-400,163,401-500,,,259
257,University of Western Ontario (Western University),Canada,201-250,170,201-300,,,260
258,Al-Farabi Kazakh National University,Kazakhstan,,175,,,,261
259,Indian Institute of Technology Bombay (IITB),India,,177,,,,
260,National Tsing Hua University,Taiwan,351-400,180,401-500,,,
261,Technische Universität Wien,Austria,,180,,,,
262,"Khalifa University (Khalifa University of Science Technology and Research, KUSTAR)",United Arab Emirates,351-400,183,,,,
263,Universidad de Chile,Chile,,183,401-500,,,
264,Peking Union Medical College,China,,,201-300,,,
265,Indian Institute of Technology Delhi (IITD),India,,185,,,,
266,"Indian Institute of Science, Bangalore",India,301-350,186,401-500,,,
267,Universiti Teknologi Malaysia (University of Technology Malaysia),Malaysia,,191,,,,
268,Keio University,Japan,,201,301-400,,,
269,University of Reading,United Kingdom,201-250,202,301-400,,,
270,Waseda University,Japan,,203,501-600,,,
271,Universidad Autónoma de Madrid (Autonomous University of Madrid),Spain,301-350,207,301-400,,,
272,Universite libre de Bruxelles (ULB),Belgium,201-250,207,101-150,,,
273,Universitat Autònoma de Barcelona (Autonomous University of Barcelona),Spain,170,209,,,,
274,Ulsan National Institute of Science and Technology (UNIST),South Korea,178,212,301-400,,357.64,
275,Chulalongkorn University,Thailand,,215,,,,
276,"Universidade Estadual de Campinas (Unicamp, University of Campinas)",Brazil,,219,301-400,,,
277,"Vrije Universiteit Brussel (VUB, Free University of Brussels)",Belgium,251-300,221,201-300,,,
278,Complutense University of Madrid,Spain,,223,,,,
279,Qatar University,Qatar,301-350,224,,,,
280,University of Cape Town,South Africa,183,226,201-300,,,
281,University of Sussex,United Kingdom,151,226,,,,
282,Loughborough University,United Kingdom,351-400,231,501-600,,,
283,Universidad de los Andes,Colombia,,236,,,,
284,Victoria University of Wellington,New Zealand,,236,401-500,,,
285,Queen's University at Kingston (Queen's University),Canada,251-300,240,201-300,,,
286,"Università della Svizzera italiana (USI, University of Italian Speaking Switzerland)",Switzerland,301-350,240,501-600,,,
287,American University of Beirut (AUB),Lebanon,301-350,242,,,,
288,Saint Petersburg State University (St Petersburg University),Russia,,242,301-400,,,
289,Ecole des Ponts ParisTech,France,251-300,245,,,,
290,Novosibirsk State University,Russia,,246,,,,
291,Aalborg University,Denmark,201-250,326,301-400,,--,
292,Université de Strasbourg,France,501-600,421,101-150,,309,
293,Central South University (Zhongnan University),China,301-350,521-530,151-200,,--,
294,University of Surrey,United Kingdom,201-250,272,301-400,,--,
295,James Cook University,Australia,251-300,424,201-300,,,
296,Beijing Normal University,China,251-300,270,201-300,,--,
297,Tianjin University,China,401-500,334,151-200,,--,
298,Charles University (Charles University in Prague),Czech Republic,501-600,266,201-300,,--,
299,Temple University,United States,301-350,751-800,501-600,,--,
300,Rutgers University–Newark,United States,,801-1000,901-1000,,,
301,"University of Victoria (UVic, British Columbia)",Canada,301-350,334,301-400,,,
302,University of Hawaiʻi at Mānoa,United States,251-300,340,301-400,,,
303,Northeastern University (Shenyang),China,,,301-400,,,
304,Universiti Brunei Darussalam (UBD),Brunei,351-400,250,,,,
305,National Cheng Kung University (NCKU),Taiwan,,252,401-500,,,
306,Yeshiva University,United States,,252,,,,
307,Gadjah Mada University,Indonesia,,254,,,,
308,Indian Institute of Technology Madras (IITM),India,,255,,,,
309,Mahidol University,Thailand,,255,401-500,,,
310,National University of Ireland Galway,Ireland,351-400,258,401-500,,,
311,Universidad Nacional de Colombia,Colombia,,258,,,,
312,University of Canterbury (Te Whare Wānanga o Waitaha),New Zealand,,258,401-500,,,
313,Sciences Po,France,,261,,,,
314,Kyung Hee University,South Korea,251-300,264,401-500,,,
315,University of Navarra,Spain,251-300,266,501-600,,,
316,National Yang Ming Chiao Tung University,Taiwan,301-350,268,401-500,,,
317,Technical University of Darmstadt,Germany,301-350,269,501-600,,,
318,Heriot-Watt University,United Kingdom,,270,,,,
319,Dalhousie University,Canada,251-300,272,,,,
320,Tomsk State University,Russia,,272,,,,
321,Southern University of Science and Technology (SUSTech),China,162,275,301-400,,381.21,
322,Graz University of Technology,Austria,,277,,,,
323,Indian Institute of Technology Kanpur (IITK),India,,277,,,,
324,Indian Institute of Technology Kharagpur (IIT-KGP),India,,280,,,,
325,Bauman Moscow State Technical University,Russia,,281,,,,
326,Universität Innsbruck,Austria,,281,201-300,,,
327,Massey University,New Zealand,,284,,,,
328,University of Tsukuba,Japan,,285,201-300,,,
329,Hong Kong Baptist University,Hong Kong,,287,,,,
330,United Arab Emirates University,United Arab Emirates,,288,,,,
331,Moscow Institute of Physics and Technology (MIPT / Moscow Phystech),Russia,201-250,290,501-600,,,
332,Universitas Indonesia,Indonesia,,290,,,,
333,Université Paris 1 Panthéon-Sorbonne,France,,290,,,,
334,Belarusian State University,Belarus,,295,,,,
335,University of Porto,Portugal,,295,301-400,,,
336,University of Turku,Finland,,295,301-400,,,
337,Simon Fraser University,Canada,201-250,298,301-400,,,
338,University College Cork,Ireland,251-300,298,301-400,,,
339,University of Tartu,Estonia,251-300,300,401-500,,,
340,University of Strathclyde,United Kingdom,,302,401-500,,,
341,Bandung Institute of Technology (ITB),Indonesia,,303,,,,
342,University of Tasmania,Australia,301-350,303,301-400,,,
343,Gwangju Institute of Science and Technology (GIST),South Korea,,305,,,,
344,"Higher School of Economics (HSE, HSE University, National Research University HSE)",Russia,301-350,305,,,,
345,Grenoble Institute of Technology (Grenoble INP),France,,,,,,
346,University of Warsaw,Poland,,308,401-500,,,
347,Jagiellonian University,Poland,,309,401-500,,,
348,University of Southern Denmark (SDU),Denmark,251-300,309,301-400,,,
349,University of Cologne (Universität zu Köln),Germany,172,311,,,,
350,National Taiwan University of Science and Technology (Taiwan Tech),Taiwan,,314,,,,
351,IE University,Spain,,317,,,,
352,RUDN University (Peoples' Friendship University of Russia),Russia,,317,,,,
353,National Research Nuclear University MEPhI (Moscow Engineering Physics Institute),Russia,,319,,,,
354,Polytechnic University of Catalonia (BarcelonaTech - UPC),Spain,,319,,,,
355,Swinburne University of Technology,Australia,301-350,321,201-300,,,
356,Pontificia Universidad Católica Argentina,Argentina,,322,,,,
357,University of Macau,Macau,201-250,322,401-500,,,
358,University of South Australia,Australia,301-350,326,401-500,,,
359,L.N. Gumilyov Eurasian National University (ENU),Kazakhstan,,328,,,,
360,Linköping University,Sweden,251-300,329,301-400,,,
361,"City, University of London",United Kingdom,351-400,330,,,,
362,Technion - Israel Institute of Technology,Israel,,330,94,,,
363,"Birkbeck, University of London",United Kingdom,351-400,332,,,,
364,Taylor's University,Malaysia,,332,,,,
365,National Taiwan Normal University,Taiwan,,334,,,,
366,Politecnico di Torino (Polytechnic University of Turin),Italy,,334,501-600,,,
367,Royal Holloway University of London (RHUL),United Kingdom,351-400,334,,,,
368,Hiroshima University,Japan,,343,501-600,,,
369,Universität Jena,Germany,201-250,344,401-500,,,
370,Universiti Teknologi Brunei,Brunei,,344,,,,
371,"Virginia Polytechnic Institute and State University (Virginia Tech, VT)",United States,251-300,346,201-300,,,
372,Kazan (Volga region) Federal University,Russia,,347,,,,
373,UCSI University,Malaysia,,347,,,,
374,Universität Stuttgart,Germany,301-350,347,301-400,,,
375,"Brunel University, London",United Kingdom,351-400,351,501-600,,,
376,Universidad Carlos III de Madrid (UC3M),Spain,,351,,,,
377,Ural Federal University (UrFU),Russia,,351,,,,
378,Johannes Kepler University Linz,Austria,,354,,,,
379,Tilburg University,Netherlands,201-250,356,,,,
380,University of Lisbon (Universidade de Lisboa),Portugal,,356,201-300,,,
381,Utah State University,United States,,,401-500,,,
382,National University of Sciences & Technology (NUST Islamabad),Pakistan,,358,,,,
383,University of Jyväskylä,Finland,351-400,358,,,,
384,Ewha Womans University,South Korea,,362,501-600,,,
385,La Trobe University,Australia,201-250,362,301-400,,,
386,MGIMO University,Russia,,362,,,,
387,ITMO University,Russia,,365,,,,
388,Umea University,Sweden,,365,401-500,,,
389,University of Ulm,Germany,146,365,301-400,,,
390,Sultan Qaboos University,Oman,,368,,,,
391,Norwegian University of Science and Technology (NTNU),Norway,,369,101-150,,,
392,Universidade Federal do Rio de Janeiro (Federal University of Rio de Janeiro),Brazil,,369,401-500,,,
393,Universitat Politècnica de València (Polytechnic University of Valencia),Spain,,371,301-400,,,
394,Lincoln University,New Zealand,,372,,,,
395,Beijing Institute of Technology,China,,373,151-200,,,
396,"University of Chemistry and Technology, Prague",Czech Republic,,373,,,,
397,University of Connecticut,United States,,373,201-300,,,
398,University of Waikato,New Zealand,,373,,,,
399,University of Oulu,Finland,251-300,377,401-500,,,
400,Quaid-i-Azam University,Pakistan,,378,,,,
401,Sharif University of Technology,Iran,,381,501-600,,,
402,Tokyo Medical and Dental University (TMDU),Japan,,381,,,,
403,American University of Sharjah,United Arab Emirates,,383,,,,
404,"Beihang University (former BUAA, Beijing University of Aeronautics and Astronautics)",China,,383,,,,
405,University of Kent,United Kingdom,351-400,383,501-600,,,
406,Kobe University,Japan,,386,401-500,,,
407,University of Kansas,United States,,387,201-300,,,
408,University at Buffalo SUNY,United States,251-300,388,301-400,,,
409,University of Pisa,Italy,,388,,,,
410,Vita-Salute San Raffaele University,Italy,201-250,390,401-500,,,
411,SOAS University of London,United Kingdom,,391,,,,
412,Universidad de Palermo (UP),Argentina,,391,,,,
413,Peter the Great St. Petersburg Polytechnic University,Russia,301-350,393,,,,
414,Ruhr-Universität Bochum,Germany,251-300,393,401-500,,,
415,Indian Institute of Technology Guwahati (IITG),India,,395,,,,
416,Tomsk Polytechnic University,Russia,,395,,,,
417,Pontificia Universidad Católica del Perú,Peru,,395,,,,
418,Pakistan Institute of Engineering and Applied Sciences (PIEAS),Pakistan,,398,,,,
419,University of the Philippines,Philippines,,399,,,,
420,Indian Institute of Technology Roorkee (IITR),India,,400,,,,
421,Universidad Austral,Argentina,,400,,,,
422,Vilnius University,Lithuania,,400,,,,
423,Czech Technical University in Prague,Czech Republic,,403,,,,
424,Shandong University,China,,403,151-200,,,
425,Flinders University,Australia,251-300,407,401-500,,,
426,South China Agricultural University,China,,,401-500,,,
427,Taipei Medical University (TMU),Taiwan,201-250,407,,,,
428,Xiamen University,China,,407,201-300,,,
429,Westfälische Wilhelms-Universität Münster (University of Munster),Germany,201-250,411,,,,
430,National Sun Yat-sen University,Taiwan,,412,,,,
431,Pontificia Universidad Javeriana,Colombia,,412,,,,
432,Chung-Ang University (CAU),South Korea,,414,,,,
433,Lappeenranta-Lahti University of Technology LUT,Finland,251-300,414,,,,
434,Tampere University,Finland,251-300,414,501-600,,,
435,Université Laval,Canada,251-300,414,301-400,,,
436,Universiti Teknologi PETRONAS (UTP),Malaysia,,414,,,,
437,"University of Colorado, Denver",United States,,414,201-300,,,
438,University of Colorado Anschutz Medical Campus,United States,251-300,,,,,
439,University of Science and Technology Beijing,China,,414,201-300,,,
440,National Technical University of Athens,Greece,,421,,,,
441,Universität Mannheim,Germany,146,423,,,,
442,University of Naples Federico II,Italy,,424,301-400,,,
443,University of Witwatersrand,South Africa,251-300,424,301-400,,,
444,Washington State University,United States,,427,301-400,,,
445,Oxford Brookes University,United Kingdom,,429,,,,
446,Wake Forest University,United States,301-350,429,401-500,,,
447,Colorado State University (Fort Collins),United States,351-400,431,,,,
448,Rensselaer Polytechnic Institute,United States,,431,401-500,,,
449,Universidade Nova de Lisboa,Portugal,,431,,,,
450,Universidade Federal de São Paulo,Brazil,,434,,,,
451,University of Johannesburg,South Africa,,434,,,,
452,Shanghai University,China,,436,201-300,,,
453,Tulane University,United States,,436,,,,
454,University of Canberra,Australia,170,436,,,,
455,University of Essex,United Kingdom,301-350,439,401-500,,,
456,Swansea University,United Kingdom,251-300,440,401-500,,,
457,University of Cyprus (UCY),Cyprus,,440,,,,
458,University of Trento,Italy,351-400,440,401-500,,,
459,University of Tromsø (The Arctic University of Norway),Norway,,440,501-600,,,
460,Illinois Institute of Technology,United States,351-400,444,,,,
461,Hankuk University of Foreign Studies (HUFS),South Korea,,445,,,,
462,The American University in Cairo,Egypt,,445,,,,
463,Umm Al-Qura University,Saudi Arabia,,447,,,,
464,Universität Leipzig,Germany,,447,201-300,,,
465,Universität des Saarlandes,Germany,,447,,,,
466,University of Milano-Bicocca,Italy,301-350,450,301-400,,,
467,Auckland University of Technology (AUT),New Zealand,201-250,451,,,,
468,Bond University,Australia,,451,,,,
469,Sichuan University,China,,451,151-200,,,
470,University of Florence (Università degli Studi di Firenze),Italy,,451,201-300,,,
471,Brandeis University,United States,251-300,455,301-400,,,
472,University of Coimbra,Portugal,,455,501-600,,,
473,University of Iowa,United States,251-300,455,201-300,,,
474,University of Saskatchewan,Canada,,458,301-400,,,
475,"Universidad Politécnica de Madrid (UPM, Polytechnic University of Madrid)",Spain,,459,501-600,,,
476,University of St. Gallen (HSG),Switzerland,301-350,459,,,,
477,Colorado School of Mines,United States,,461,,,,
478,Far Eastern Federal University,Russia,,461,,,,
479,"Goldsmiths, University of London",United Kingdom,,461,,,,
480,Martin-Luther-Universität Halle-Wittenberg,Germany,,461,501-600,,,
481,Airlangga University,Indonesia,,465,,,,
482,Amirkabir University of Technology,Iran,,465,,,,
483,Southeast University,China,,465,151-200,,,
484,Universidad de Belgrano,Argentina,,465,,,,
485,National Taipei University of Technology,Taiwan,,469,,,,
486,Universidad de Montevideo (UM),Uruguay,,469,,,,
487,Ben-Gurion University of the Negev,Israel,,471,401-500,,,
488,Hasselt University,Belgium,351-400,471,501-600,,,
489,Universidad ORT Uruguay,Uruguay,,471,,,,
490,University of Stirling,United Kingdom,301-350,471,,,,
491,University of Missouri,United States,,476,201-300,,--,
492,Bar-Ilan University,Israel,,477,401-500,,,
493,Chiba University,Japan,,477,,,,
494,University of Texas at Dallas,United States,351-400,477,301-400,,,
495,Chang Gung University,Taiwan,,480,401-500,,,
496,Université de Liège,Belgium,351-400,480,301-400,,,
497,Auezov South Kazakhstan University (SKU),Kazakhstan,,482,,,,
498,Stellenbosch University,South Africa,251-300,482,401-500,,,
499,Catholic University of Korea,South Korea,,482,,,,
500,Aston University,United Kingdom,,485,,,,
501,University of Turin (Università degli Studi di Torino),Italy,,485,201-300,,,
502,National University of Science and Technology MISiS,Russia,,487,,,,
503,Universidad de Santiago de Chile (USACH),Chile,,487,,,,
504,Yokohama City University,Japan,,487,,,,
505,Dublin City University,Ireland,,490,,,,
506,Justus-Liebig-University Giessen,Germany,,490,,,,
507,"UNESP (São Paulo State University, Universidade Estadual Paulista Júlio de Mesquita Filho)",Brazil,,492,301-400,,,
508,University of Granada,Spain,,492,201-300,,,
509,Western Sydney University,Australia,201-250,494,301-400,,,
510,Boston College,United States,251-300,494,401-500,,,
511,Christian-Albrechts-University zu Kiel,Germany,251-300,494,201-300,,,
512,Dongguk University,South Korea,,494,,,,
513,Iowa State University,United States,,494,301-400,,,
514,Sogang University,South Korea,,494,,,,
515,"University of Rome ""Tor Vergata"" (University of Rome II)",Italy,301-350,494,501-600,,,
516,York University,Canada,,494,301-400,,,
517,Jilin University,China,,501-510,151-200,,,
518,Satbayev University,Kazakhstan,,501-510,,,,
519,Universidad de La Habana (University of Havana),Cuba,,501-510,,,,
520,Universität Konstanz,Germany,201-250,501-510,501-600,,,
521,University of Bordeaux,France,301-350,501-510,201-300,,,
522,University of Delhi,India,,501-510,,,,
523,University of Klagenfurt,Austria,351-400,501-510,,,,
524,University of Limerick,Ireland,,501-510,,,,
525,Warsaw University of Technology,Poland,,501-510,,,,
526,Bogor Agricultural University,Indonesia,,511-520,,,,
527,Koç University,Turkey,,511-520,,,,
528,Missouri University of Science and Technology,United States,,511-520,,,,
529,Singapore Management University,Singapore,,511-520,,,,
530,Singapore University of Technology and Design,Singapore,,,,,,
531,Universidad de Alcalá,Spain,,511-520,,,,
532,"Universiti Utara Malaysia (UUM, Northern University of Malaysia)",Malaysia,,511-520,,,,
533,University of Balamand,Lebanon,,511-520,,,,
534,V. N. Karazin Kharkiv National University,Ukraine,,511-520,,,,
535,Wayne State University,United States,,511-520,401-500,,,
536,China University of Geosciences - Beijing (CUGB),China,,,401-500,,,
537,China University of Geosciences - Wuhan (CUG),China,,,301-400,,,
538,Concordia University,Canada,,521-530,501-600,,,
539,Imam Abdulrahman Bin Faisal University (IAU),Saudi Arabia,,521-530,,,,
540,National Central University,Taiwan,,521-530,,,,
541,"Universidad Central ""Marta Abreu"" de Las Villas",Cuba,,521-530,,,,
542,Université de Montpellier,France,301-350,521-530,,,,
543,University of Bayreuth,Germany,351-400,521-530,,,,
544,University of Eastern Finland,Finland,,521-530,,,,
545,University of Tehran,Iran,,521-530,301-400,,,
546,Tehran University of Medical Sciences,Iran,,,501-600,,,
547,Ajou University,South Korea,,531-540,,,,
548,East China Normal University,China,301-350,531-540,301-400,,,
549,Hitotsubashi University,Japan,,531-540,,,,
550,Institut National des Sciences Appliquées de Lyon (INSA Lyon),France,,531-540,,,,
551,Lehigh University,United States,,531-540,,,,
552,Nagasaki University,Japan,,531-540,,,,
553,Saratov State University,Russia,,531-540,,,,
554,Oregon State University,United States,,531-540,201-300,,,
555,Saint Joseph University of Beirut (USJ),Lebanon,,531-540,,,,
556,Southern Federal University,Russia,,531-540,,,,
557,Universidad de Costa Rica,Costa Rica,,531-540,,,,
558,Universidad de Zaragoza,Spain,,531-540,501-600,,,
559,University of Delaware,United States,301-350,531-540,201-300,,311.79,
560,Aberystwyth University,United Kingdom,,541-550,,,,
561,Iran University of Science and Technology,Iran,,541-550,,,,
562,Kyungpook National University,South Korea,,541-550,301-400,,,
563,Niigata University,Japan,,541-550,,,,
564,Northwestern Polytechnical University,China,,541-550,151-200,,,
565,Sabancı University,Turkey,,541-550,,,,
566,University of Georgia,United States,351-400,541-550,201-300,,,
567,University of Ulsan,South Korea,,541-550,501-600,,,
568,Abai Kazakh National Pedagogical University,Kazakhstan,,551-560,,,,
569,Aristotle University of Thessaloniki,Greece,,551-560,,,,
570,Kazakh National Agrarian University (KazNAU),Kazakhstan,,551-560,,,,
571,Masaryk University (Brno),Czech Republic,,551-560,,,,
572,Middle East Technical University,Turkey,,551-560,,,,
573,Universidad de Sevilla,Spain,,551-560,401-500,,,
574,Universidad Panamericana (UP),Mexico,,551-560,,,,
575,Università Cattolica del Sacro Cuore (Catholic University of the Sacred Heart),Italy,,551-560,401-500,,,
576,Université Paul Sabatier Toulouse III,France,,551-560,301-400,,,
577,University of Szeged,Hungary,,551-560,,,,
578,Altai State University,Russia,,561-570,,,,
579,Hallym University,South Korea,,561-570,,,,
580,Inha University,South Korea,,561-570,,,,
581,Jawaharlal Nehru University,India,,561-570,,,,
582,Technische Universität Braunschweig,Germany,,561-570,,,,
583,The New School,United States,,561-570,,,,
584,Università degli Studi di Pavia,Italy,351-400,561-570,401-500,,,
585,Université de Fribourg,Switzerland,,561-570,501-600,,,
586,Cairo University,Egypt,,571-580,401-500,,,
587,Dalian University of Technology,China,,571-580,301-400,,,
588,East China University of Science and Technology,China,,571-580,301-400,,,
589,Holy Spirit University of Kaslik,Lebanon,,571-580,,,,
590,Ivane Javakhishvili Tbilisi State University,Georgia,,571-580,,,,
591,Jeonbuk National University,South Korea,,571-580,,,,
592,Osaka City University,Japan,,571-580,,,,
593,Universität Bremen,Germany,351-400,571-580,501-600,,,
594,Universitat de Valencia,Spain,,571-580,301-400,,,
595,University of Minho,Portugal,,571-580,401-500,,,
596,University of Nebraska - Lincoln,United States,,571-580,201-300,,,
597,Lebanese American University,Lebanon,,581-590,,,,
598,"Lingnan University, Hong Kong",Hong Kong,,581-590,,,,
599,Murdoch University,Australia,,581-590,501-600,,,
600,Okayama University,Japan,,581-590,401-500,,,
601,Samara National Research University,Russia,,581-590,,,,
602,Universidad Nacional de La Plata (UNLP),Argentina,,581-590,,,,
603,University of Guelph,Canada,,581-590,401-500,,,
604,University of South Florida,United States,201-250,581-590,201-300,,,
605,Applied Science University,Bahrain,,591-600,,,,
606,Bilkent University,Turkey,,591-600,,,,
607,Indian Institute of Technology Hyderabad,India,,591-600,,,,
608,Kumamoto University,Japan,,591-600,,,,
609,National Chengchi University,Taiwan,,591-600,,,,
610,Savitribai Phule Pune University,India,,591-600,,,,
611,"Sofia University ""St. Kliment Ohridski""",Bulgaria,,591-600,,,,
612,Universidad Externado de Colombia,Colombia,,591-600,,,,
613,Universität Regensburg,Germany,,591-600,501-600,,,
614,Université du Québec,Canada,,591-600,,,,
615,University of Debrecen,Hungary,,591-600,,,,
616,University of Electronic Science and Technology of China,China,,591-600,,,,
617,University of Ljubljana,Slovenia,,591-600,501-600,,,
618,Abo Akademi University,Finland,,601-650,,,,
619,American University in Dubai,United Arab Emirates,,601-650,,,,
620,Ateneo de Manila University,Philippines,,601-650,,,,
621,Bangor University,United Kingdom,,601-650,,,,
622,Canadian University Dubai,United Arab Emirates,,601-650,,,,
623,Carleton University,Canada,,601-650,401-500,,,
624,Central Queensland University (CQUniversity Australia),Australia,,601-650,,,,
625,Chiang Mai University,Thailand,,601-650,,,,
626,China Agricultural University,China,,601-650,,,,
627,Huazhong Agricultural University,China,,,301-400,,,
628,Clark University,United States,,601-650,,,,
629,Coventry University,United Kingdom,,601-650,,,,
630,Gifu University,Japan,,601-650,,,,
631,Kanazawa University,Japan,,601-650,,,,
632,"Kingston University, London",United Kingdom,,601-650,,,,
633,Konkuk University,South Korea,,601-650,,,,
634,Leibniz University Hannover (University of Hannover),Germany,,601-650,,,,
635,Hannover Medical School,Germany,,,501-600,,,
636,Management and Science University,Malaysia,,601-650,,,,
637,Nanjing University of Science and Technology,China,,601-650,301-400,,,
638,Nanjing Medical University,China,,,301-400,,,
639,Nanjing Tech University,China,,,301-400,,,
640,Palacký University Olomouc,Czech Republic,,601-650,,,,
641,Pavol Jozef Šafárik University in Košice,Slovakia,,601-650,,,,
642,Pusan National University,South Korea,,601-650,401-500,,,
643,Renmin (People's) University of China,China,,601-650,,,,
644,S.D. Asfendiyarov Kazakh National Medical University,Kazakhstan,,601-650,,,,
645,Sejong University,South Korea,251-300,601-650,501-600,,,
646,Shenzhen University,China,351-400,601-650,201-300,,,
647,Smith College,United States,,601-650,,,,
648,Soochow University,China,,601-650,151-200,,,
649,Taras Shevchenko National University of Kyiv,Ukraine,,601-650,,,,
650,Thammasat University,Thailand,,601-650,,,,
651,Tokyo University of Agriculture and Technology,Japan,,601-650,,,,
652,Universidad Anáhuac México,Mexico,,601-650,,,,
653,Universidad de Concepción,Chile,,601-650,,,,
654,Universidad Nacional del Centro de la Provincia de Buenos Aires (UNICEN),Argentina,,601-650,,,,
655,Universidad Pontificia Comillas,Spain,,601-650,,,,
656,Universitat Ramon Llull,Spain,,601-650,,,,
657,University of Aveiro,Portugal,,601-650,,,,
658,University of Genoa (Università degli Studi di Genova),Italy,,601-650,401-500,,,
659,University of Hohenheim,Germany,197,601-650,,,,
660,University of Jordan,Jordan,,601-650,,,,
661,University of Manitoba,Canada,301-350,601-650,301-400,,,
662,University of Plymouth,United Kingdom,,601-650,501-600,,,
663,University of Pretoria,South Africa,,601-650,401-500,,,
664,University of Sharjah,United Arab Emirates,,601-650,,,,
665,University of Siena,Italy,,601-650,501-600,,,
666,"University of South Carolina, Columbia",United States,,601-650,301-400,,,
667,Paris 2 Panthéon-Assas University,France,,601-650,,,,
668,Victoria University,Australia,,601-650,,,,
669,American University,United States,,651-700,,,,
670,Chongqing University,China,,651-700,,,,
671,Chongqing University of Posts and Telecommunication,China,,,,,,
672,College of William and Mary (William & Mary),United States,301-350,651-700,,,,
673,Comenius University in Bratislava,Slovakia,,651-700,,,,
674,Drexel University,United States,351-400,651-700,301-400,,,
675,Edith Cowan University,Australia,,651-700,501-600,,,
676,Eötvös Loránd University,Hungary,,651-700,,,,
677,Free University of Bozen-Bolzano,Italy,,651-700,,,,
678,Howard University,United States,251-300,651-700,,,,
679,Immanuel Kant Baltic Federal University,Russia,,651-700,,,,
680,International Islamic University Malaysia (IIUM),Malaysia,,651-700,,,,
681,Jadavpur University,India,,651-700,,,,
682,Kagoshima University,Japan,,651-700,,,,
683,University of Graz,Austria,,651-700,401-500,,,
684,King Khalid University,Saudi Arabia,,651-700,,,,
685,Lahore University of Management Sciences (LUMS),Pakistan,,651-700,,,,
686,Lobachevsky University,Russia,,651-700,,,,
687,Macau University of Science and Technology,Macau,251-300,651-700,,,,
688,Michigan Technological University,United States,,651-700,,,,
689,National and Kapodistrian University of Athens,Greece,,651-700,301-400,,,
690,National Chung Hsing University,Taiwan,,651-700,,,,
691,"National Technical University ""Kharkiv Polytechnic Institute""",Ukraine,,651-700,,,,
692,Pontifícia Universidade Católica do Rio de Janeiro,Brazil,,651-700,,,,
693,First Moscow State Medical University (Sechenov University),Russia,,651-700,,,,
694,Sunway University,Malaysia,,651-700,,,,
695,Syracuse University,United States,351-400,651-700,,,,
696,Tokushima University,Japan,,651-700,,,,
697,Ulster University,United Kingdom,,651-700,,,,
698,Universidad de Antioquia,Colombia,,651-700,,,,
699,Universidad ICESI,Colombia,,651-700,,,,
700,Universidad Peruana Cayetano Heredia (UPCH),Peru,,651-700,,,,
701,Universidad Pontificia Bolivariana,Colombia,,651-700,,,,
702,Universidade Federal de Minas Gerais (UFMG),Brazil,,651-700,401-500,,,
703,Universität Rostock,Germany,,651-700,501-600,,,
704,Université Claude Bernard Lyon 1,France,401-500,651-700,201-300,,375.5,
705,Universiti Teknologi MARA (UiTM),Malaysia,,651-700,,,,
706,University of Crete,Greece,,651-700,,,,
707,University of Hull,United Kingdom,,651-700,,,,
708,University of Hyderabad,India,,651-700,,,,
709,University of Kentucky,United States,,651-700,301-400,,,
710,University of Massachusetts Boston,United States,,651-700,,,,
711,University of Mons,Belgium,,651-700,,,,
712,University of New Brunswick,Canada,,651-700,,,,
713,University of New Mexico,United States,251-300,651-700,401-500,,,
714,University of Oklahoma (Norman),United States,,651-700,501-600,,,
715,University of Oregon,United States,351-400,651-700,301-400,,,
716,University of Pecs,Hungary,,651-700,,,,
717,University of Portsmouth,United Kingdom,,651-700,501-600,,,
718,University of Salamanca,Spain,,651-700,401-500,,,
719,University of Trieste,Italy,,651-700,,,,
720,University of Vermont,United States,,651-700,401-500,,,
721,Zayed University,United Arab Emirates,,651-700,,,,
722,Abu Dhabi University,United Arab Emirates,,701-750,,,,
723,Ajman University,United Arab Emirates,,701-750,,,,
724,Al Ain University,United Arab Emirates,,701-750,,,,
725,Beijing University of Technology,China,,701-750,401-500,,,
726,Boğaziçi University,Turkey,,701-750,,,,
727,Brno University of Technology,Czech Republic,,701-750,,,,
728,Charles Darwin University,Australia,,701-750,,,,
729,City University of New York,United States,,701-750,,,,
730,Gunma University,Japan,,701-750,,,,
731,Indian Institute of Technology Bhubaneswar,India,,701-750,,,,
732,Instituto Tecnológico de Buenos Aires (ITBA),Argentina,,701-750,,,,
733,Istanbul Technical University,Turkey,,701-750,,,,
734,Istanbul Bilgi University,Turkey,,,,,,
735,Al Jouf University,Saudi Arabia,,701-750,,,,
736,Lebanese University,Lebanon,,701-750,,,,
737,Middlesex University,United Kingdom,,701-750,,,,
738,Igor Sikorsky Kyiv Polytechnic Institute,Ukraine,,701-750,,,,
739,New Jersey Institute of Technology (NJIT),United States,,701-750,,,,
740,Northumbria University,United Kingdom,,701-750,,,,
741,Notre Dame University-Louaize (NDU),Lebanon,,701-750,,,,
742,O.P. Jindal Global University,India,,701-750,,,,
743,Osaka Prefecture University,Japan,,701-750,,,,
744,Philipps-Universität Marburg,Germany,,701-750,401-500,,,
745,Plekhanov Russian University of Economics,Russia,,701-750,,,,
746,Politecnico di Bari,Italy,,701-750,,,,
747,Prince Mohammad bin Fahd University,Saudi Arabia,,701-750,,,,
748,Saint Petersburg Electrotechnical University (ETU-LETI),Russia,,701-750,,,,
749,Stevens Institute of Technology,United States,,701-750,,,,
750,Sumy State University,Ukraine,,701-750,,,,
751,Tokyo Metropolitan University,Japan,,701-750,,,,
752,Ufa State Aviation Technical University,Russia,,701-750,,,,
753,Universidad Central de Venezuela,Venezuela,,701-750,,,,
754,Universidad de La Sabana,Colombia,,701-750,,,,
755,Universidad de San Andrés (UdeSA),Argentina,,701-750,,,,
756,Universidad Iberoamericana (IBERO),Mexico,,701-750,,,,
757,Universidade de Santiago de Compostela,Spain,,701-750,401-500,,,
758,Universität Potsdam,Germany,251-300,701-750,401-500,,,
759,Universitat Rovira i Virgili,Spain,,701-750,501-600,,,
760,Université Côte d'Azur,France,,701-750,401-500,,,
761,Université de Sousse,Tunisia,,701-750,,,,
762,University of Bradford,United Kingdom,,701-750,,,,
763,University of Haifa,Israel,,701-750,501-600,,,
764,University of Houston,United States,,701-750,201-300,,,
765,University of Huddersfield,United Kingdom,,701-750,,,,
766,University of Modena and Reggio Emilia,Italy,,701-750,,,,
767,University of Southern Queensland,Australia,,701-750,,,,
768,University of the Basque Country (Universidad del País Vasco),Spain,,701-750,301-400,,,
769,University of Westminster,United Kingdom,,701-750,,,,
770,University of Windsor,Canada,,701-750,,,,
771,Virginia Commonwealth University,United States,,701-750,201-300,,,
772,American University of the Middle East,Kuwait,,751-800,,,,
773,Belarusian National Technical University (BNTU),Belarus,,751-800,,,,
774,Bournemouth University,United Kingdom,351-400,751-800,,,,
775,Chonnam National University,South Korea,,751-800,501-600,,,
776,Chungnam National University,South Korea,,751-800,,,,
777,Clarkson University,United States,,751-800,,,,
778,Dankook University,South Korea,,751-800,,,,
779,Georgia State University,United States,,751-800,501-600,,,
780,Institut Teknologi Sepuluh Nopember (ITS Surabaya),Indonesia,,751-800,,,,
781,Instituto Politécnico Nacional (IPN),Mexico,,751-800,,,,
782,Instituto Tecnológico Autónomo de México (ITAM),Mexico,,751-800,,,,
783,Jamia Millia Islamia,India,,751-800,,,,
784,Jinan University,China,,751-800,401-500,,,
785,Karaganda State Technical University [Wikidata],Kazakhstan,,751-800,,,,
786,Keele University,United Kingdom,,751-800,,,,
787,Lanzhou University,China,,751-800,301-400,,,
788,Manipal Academy of Higher Education (MAHE),India,,751-800,,,,
789,Maynooth University,Ireland,,751-800,,,,
790,Memorial University of Newfoundland,Canada,,751-800,,,,
791,Northwest University (China),China,,751-800,,,,
792,Northwest A&F University (Agriculture & Forestry),China,,,501-600,,,
793,Pontificia Universidad Católica de Valparaíso,Chile,,751-800,,,,
794,Princess Nora bint Abdul Rahman University (PNU),Saudi Arabia,,751-800,,,,
795,Riga Technical University,Latvia,,751-800,,,,
796,Ritsumeikan University,Japan,,751-800,,,,
797,Shiraz University,Iran,,751-800,,,,
798,Southern Cross University,Australia,,751-800,,,,
799,Tallinn University of Technology (TalTech),Estonia,,751-800,,,,
800,Universidad Adolfo Ibáñez,Chile,,751-800,,,,
801,Universidad de la República (UdelaR),Uruguay,,751-800,,,,
802,Universidad del Rosario,Colombia,,751-800,,,,
803,Universidad San Francisco de Quito (USFQ),Ecuador,,751-800,,,,
804,Universidad Torcuato Di Tella,Argentina,,751-800,,,,
805,Universidade Federal do Rio Grande Do Sul,Brazil,,751-800,301-400,,,
806,Università degli Studi di Perugia,Italy,,751-800,401-500,,,
807,Université de Sherbrooke,Canada,,751-800,501-600,,,
808,Universiti Tenaga Nasional (UNITEN),Malaysia,,751-800,,,,
809,"University at Albany, SUNY",United States,351-400,751-800,501-600,,,
810,Heinrich Heine University Düsseldorf,Germany,251-300,751-800,301-400,,,
811,University of Brescia,Italy,351-400,751-800,,,,
812,University of Central Florida,United States,,751-800,301-400,,,
813,University of Denver,United States,,751-800,,,,
814,University of Greenwich,United Kingdom,,751-800,,,,
815,"University of Maryland, Baltimore County",United States,,751-800,301-400,,,
816,University of Zagreb,Croatia,,751-800,,,,
817,Vilnius Gediminas Technical University,Lithuania,,751-800,,,,
818,Worcester Polytechnic Institute,United States,,751-800,,,,
819,Academician Y.A. Buketov Karaganda University,Kazakhstan,,801-1000,,,,
820,"Adam Mickiewicz University, Poznań",Poland,,801-1000,,,,
821,AGH University of Science and Technology,Poland,,801-1000,,,,
822,Ain Shams University,Egypt,,801-1000,,,,
823,Ankara University,Turkey,,801-1000,,,,
824,Anna University,India,,801-1000,,,,
825,Auburn University,United States,,801-1000,501-600,,,
826,Australian Catholic University,Australia,251-300,801-1000,501-600,,,
827,Bangladesh University of Engineering and Technology,Bangladesh,,801-1000,,,,
828,Beijing Foreign Studies University,China,,801-1000,,,,
829,Beijing Jiaotong University,China,,801-1000,401-500,,,
830,Beijing University of Chinese Medicine,China,,801-1000,,,,
831,Beijing University of Posts and Telecommunications,China,,801-1000,,,,
832,Beirut Arab University,Lebanon,,801-1000,,,,
833,Bielefeld University,Germany,166,801-1000,,,,
834,Binghamton University SUNY (State University of New York at Binghamton),United States,,801-1000,501-600,,,
835,Budapest University of Technology and Economics,Hungary,,801-1000,,,,
836,Ca' Foscari University of Venice,Italy,,801-1000,,,,
837,Catania University (Università degli Studi di Catania),Italy,,801-1000,401-500,,,
838,Charles Sturt University,Australia,,801-1000,,,,
839,Clemson University,United States,,801-1000,,,,
840,Corvinus University of Budapest,Hungary,,801-1000,,,,
841,Cracow University of Technology (Politechnika Krakowska),Poland,,801-1000,,,,
842,CY Cergy Paris University,France,,801-1000,,,,
843,Czech University of Life Sciences Prague,Czech Republic,,801-1000,,,,
844,De La Salle University,Philippines,,801-1000,,,,
845,De Montfort University,United Kingdom,,801-1000,,,,
846,Edinburgh Napier University,United Kingdom,,801-1000,,,,
847,Financial University under the Government of the Russian Federation,Russia,,801-1000,,,,
848,Florida International University,United States,,801-1000,401-500,,,
849,Fordham University,United States,,801-1000,,,,
850,Gdańsk University of Technology,Poland,,801-1000,,,,
851,George Mason University,United States,251-300,801-1000,201-300,,,
852,German Jordanian University,Jordan,,801-1000,,,,
853,Gulf University for Science and Technology,Kuwait,,801-1000,,,,
854,Hacettepe University,Turkey,,801-1000,,,,
855,Harbin Engineering University,China,,801-1000,501-600,,,
856,Indiana University–Purdue University at Indianapolis,United States,,801-1000,301-400,,,
857,International Christian University,Japan,,801-1000,,,,
858,Islamic University of Madinah,Saudi Arabia,,801-1000,,,,
859,Istanbul University,Turkey,,801-1000,401-500,,,
860,Jordan University of Science & Technology,Jordan,,801-1000,,,,
861,Kansas State University,United States,,801-1000,401-500,,,
862,Kasetsart University,Thailand,,801-1000,,,,
863,Kaunas University of Technology,Lithuania,,801-1000,,,,
864,Kazakh Ablai Khan University of International Relations and World Languages,Kazakhstan,,801-1000,,,,
865,Kazakh-British Technical University,Kazakhstan,,801-1000,,,,
866,Kazan National Research Technological University,Russia,,801-1000,,,,
867,Khon Kaen University,Thailand,,801-1000,,,,
868,King Faisal University,Saudi Arabia,,801-1000,,,,
869,King Mongkut's University of Technology Thonburi,Thailand,,801-1000,,,,
870,Kyoto Institute of Technology,Japan,,801-1000,,,,
871,Kyushu Institute of Technology,Japan,,801-1000,,,,
872,Liverpool John Moores University,United Kingdom,,801-1000,,,,
873,Lodz University of Technology,Poland,,801-1000,,,,
874,London Metropolitan University,United Kingdom,,801-1000,,,,
875,London South Bank University,United Kingdom,,801-1000,,,,
876,"Louisiana State University, Baton Rouge",United States,,801-1000,501-600,,,
877,Loyola University Chicago,United States,,801-1000,,,,
878,Lviv Polytechnic National University,Ukraine,,801-1000,,,,
879,Manchester Metropolitan University (MMU),United Kingdom,,801-1000,,,,
880,Mendel University in Brno,Czech Republic,,801-1000,,,,
881,Mendeleev University of Chemical Technology,Russia,,801-1000,,,,
882,Nanjing University of Aeronautics and Astronautics,China,,801-1000,301-400,,,
883,Nanjing Agricultural University,China,,,301-400,,,
884,National Chung Cheng University,Taiwan,,801-1000,,,,
885,Nicolaus Copernicus University,Poland,,801-1000,,,,
886,KIMEP University,Kazakhstan,,801-1000,,,,
887,Nottingham Trent University,United Kingdom,,801-1000,,,,
888,Novosibirsk State Technical University,Russia,,801-1000,,,,
889,Oklahoma State University (Stillwater),United States,,801-1000,,,,
890,Paris Lodron University of Salzburg,Austria,,801-1000,,,,
891,Perm State National Research University,Russia,,801-1000,,,,
892,Pondicherry University,India,,801-1000,,,,
893,Pontifícia Universidade Católica de São Paulo,Brazil,,801-1000,,,,
894,Poznań University of Technology,Poland,,801-1000,,,,
895,Prince of Songkla University,Thailand,,801-1000,,,,
896,Princess Sumaya University for Technology,Jordan,,801-1000,,,,
897,Qassim University,Saudi Arabia,,801-1000,,,,
898,Queen Margaret University,United Kingdom,,801-1000,,,,
899,Rhodes University,South Africa,,801-1000,,,,
900,Riga Stradins University,Latvia,,801-1000,,,,
901,Robert Gordon University,United Kingdom,,801-1000,,,,
902,Russian Presidential Academy of National Economy and Public Administration,Russia,,801-1000,,,,
903,Ryerson University,Canada,,801-1000,,,,
904,Seattle University,United States,,801-1000,,,,
905,Shinshu University,Japan,,801-1000,,,,
906,Siksha 'O' Anusandhan,India,,801-1000,,,,
907,Silesian University of Technology,Poland,,801-1000,,,,
908,Slovak University of Technology in Bratislava,Slovakia,,801-1000,,,,
909,Sophia University,Japan,,801-1000,,,,
910,South Ural State University (SUSU),Russia,,801-1000,,,,
911,Southern Methodist University,United States,,801-1000,,,,
912,Széchenyi István University,Hungary,,801-1000,,,,
913,Szent Istvan University,Hungary,,801-1000,,,,
914,Technical University of Kosice,Slovakia,,801-1000,,,,
915,Technical University of Liberec,Czech Republic,,801-1000,,,,
916,Technological University Dublin,Ireland,,801-1000,,,,
917,Costa Rica Institute of Technology (TEC),Costa Rica,,801-1000,,,,
918,Texas Tech University,United States,,801-1000,501-600,,,
919,University of Alabama (at Tuscaloosa),United States,,801-1000,501-600,,,
920,Tokyo University of Science,Japan,,801-1000,501-600,,,
921,TU Dortmund University (Dortmund University of Technology),Germany,,801-1000,,,,
922,Universidad Autónoma de Chapingo,Mexico,,801-1000,,,,
923,Universidad Autónoma del Estado de Hidalgo (UAEH),Mexico,,801-1000,,,,
924,Universidad Autónoma del Estado de México (UAEMex),Mexico,,801-1000,,,,
925,Universidad Autónoma Metropolitana (UAM),Mexico,,801-1000,,,,
926,Universidad Católica Andres Bello,Venezuela,,801-1000,,,,
927,Universidad Católica del Uruguay (UCU),Uruguay,,801-1000,,,,
928,Universidad de Guadalajara (UDG),Mexico,,801-1000,,,,
929,Universidad de las Américas Puebla (UDLAP),Mexico,,801-1000,,,,
930,Universidad de Los Andes (ULA),Venezuela,,801-1000,,,,
931,Universidad de los Andes - Chile,Chile,,801-1000,,,,
932,Universidad de Oviedo,Spain,,801-1000,,,,
933,University of Valle,Colombia,,801-1000,,,,
934,Universidad Diego Portales (UDP),Chile,,801-1000,,,,
935,Universidad EAFIT,Colombia,,801-1000,,,,
936,Universidad Nacional de Córdoba (UNC),Argentina,,801-1000,,,,
937,Universidad Nacional de Rosario (UNR),Argentina,,801-1000,,,,
938,Universidad Nacional de San Luis,Argentina,,801-1000,,,,
939,Universidad Nacional Mayor de San Marcos,Peru,,801-1000,,,,
940,Universidad Simón Bolívar (USB),Venezuela,,801-1000,,,,
941,Universidad Técnica Federico Santa María (USM),Chile,,801-1000,,,,
942,Universidad Tecnológica de Panamá (UTP),Panama,,801-1000,,,,
943,Universidad Tecnológica Nacional (UTN),Argentina,,801-1000,,,,
944,"Universidade Católica Portuguesa (UCP, Catholic University of Portugal)",Portugal,351-400,801-1000,,,,
945,Universidade da Coruña,Spain,,801-1000,,,,
946,Universidade de Brasília,Brazil,,801-1000,501-600,,,
947,Universidade Federal de Pernambuco (UFPE),Brazil,,801-1000,,,,
948,Universidade Federal de Santa Catarina (UFSC),Brazil,,801-1000,,,,
949,Universidade Federal de São Carlos (UFSCar),Brazil,,801-1000,,,,
950,Universidade Federal do Paraná (UFPR),Brazil,,801-1000,,,,
951,University of Ferrara,Italy,,801-1000,501-600,,,
952,Università degli Studi di Udine,Italy,,801-1000,,,,
953,Università degli studi Roma Tre,Italy,,801-1000,,,,
954,Marche Polytechnic University,Italy,,801-1000,501-600,,,
955,Universitas Padjadjaran,Indonesia,,801-1000,,,,
956,Université de Lille,France,,801-1000,401-500,,,
957,Université de Lorraine,France,,801-1000,201-300,,,
958,Université de Nantes,France,601-800,801-1000,601-700,,642.93,
959,Université de Rennes 1,France,,801-1000,501-600,,,
960,Université Toulouse 1 Capitole,France,,801-1000,301-400,,,
961,Universiti Kuala Lumpur (UniKL),Malaysia,,801-1000,,,,
962,Universiti Malaysia Pahang,Malaysia,,801-1000,,,,
963,Universiti Malaysia Perlis,Malaysia,,801-1000,,,,
964,Universiti Tunku Abdul Rahman (UTAR),Malaysia,,801-1000,,,,
965,University of Alicante,Spain,,801-1000,,,,
966,University of Baghdad,Iraq,,801-1000,,,,
967,University of Bahrain,Bahrain,,801-1000,,,,
968,University of Bari (Università degli Studi di Bari Aldo Moro),Italy,,801-1000,401-500,,,
969,University of Brighton,United Kingdom,,801-1000,,,,
970,University of Calcutta,India,,801-1000,,,,
971,University of Central Lancashire,United Kingdom,,801-1000,,,,
972,University of Dhaka,Bangladesh,,801-1000,,,,
973,University of East London,United Kingdom,,801-1000,,,,
974,"University of Engineering and Technology, Lahore (UET)",Pakistan,,801-1000,,,,
975,University of Gdansk,Poland,,801-1000,,,,
976,University of Hartford,United States,,801-1000,,,,
977,University of Hertfordshire,United Kingdom,,801-1000,,,,
978,University of Hradec Kralove,Czech Republic,,801-1000,,,,
979,University of Kwazulu-Natal,South Africa,351-400,801-1000,,,,
980,University of Lincoln,United Kingdom,,801-1000,,,,
981,University of Lodz,Poland,,801-1000,,,,
982,University of Malta,Malta,,801-1000,,,,
983,University of Maribor,Slovenia,,801-1000,,,,
984,University of Messina (UniME),Italy,,801-1000,,,,
985,University of Mississippi,United States,,801-1000,,,,
986,Mississippi State University,United States,,,501-600,,,
987,"University of Missouri, Kansas City",United States,,801-1000,,,,
988,University of Murcia,Spain,,801-1000,,,,
989,Parthenope University of Naples,Italy,,801-1000,,,,
990,University of New England (Australia),Australia,,801-1000,,,,
991,University of New Hampshire,United States,,801-1000,501-600,,,
992,University of Palermo,Italy,,801-1000,501-600,,,
993,University of Parma,Italy,,801-1000,501-600,,,
994,University of Patras,Greece,,801-1000,,,,
995,University of Salerno,Italy,,801-1000,501-600,,,
996,University of Salford,United Kingdom,,801-1000,,,,
997,University of Santo Tomas,Philippines,,801-1000,,,,
998,University of Seoul,South Korea,,801-1000,,,,
999,University of Texas at San Antonio,United States,,801-1000,501-600,,,
1000,University of the Punjab,Pakistan,,801-1000,,,,
1001,University of the West of England,United Kingdom,,801-1000,,,,
1002,University of Tulsa,United States,,801-1000,,,,
1003,University of Tyumen,Russia,,801-1000,,,,
1004,University of Wisconsin Milwaukee,United States,,801-1000,,,,
1005,University of Wroclaw,Poland,,801-1000,,,,
1006,University of Wyoming,United States,,801-1000,,,,
1007,University of Žilina,Slovakia,,801-1000,,,,
1008,University of Verona,Italy,,801-1000,501-600,,,
1009,Viet Nam National University Ho Chi Minh City (VNU-HCM),Vietnam,,801-1000,,,,
1010,"Vietnam National University, Hanoi",Vietnam,,801-1000,,,,
1011,Vytautas Magnus University,Lithuania,,801-1000,,,,
1012,West Virginia University,United States,,801-1000,401-500,,,
1013,Wrocław University of Science and Technology (WRUST),Poland,,801-1000,,,,
1014,Wuhan University of Technology,China,,801-1000,301-400,,,
1015,Xi'an Jiaotong Liverpool University,China,,801-1000,,,,
1016,Yamaguchi University,Japan,,801-1000,,,,
1017,Yerevan State University,Armenia,,801-1000,,,,
1018,Yeungnam University,South Korea,,801-1000,,,,
1019,Yokohama National University,Japan,,801-1000,,,,
1020,University of the Chinese Academy of Sciences (UCAS),China,,,,,,
1021,Rockefeller University,United States,,,42,,,
1022,Icahn School of Medicine at Mount Sinai,United States,,,101-150,,,
1023,Shandong University of Science and Technology,China,,,401-500,,,
1024,King Abdullah University of Science and Technology (KAUST),Saudi Arabia,,,,,,
1025,London School of Hygiene and Tropical Medicine,United Kingdom,,,201-300,,,
1026,Charité Universitätsmedizin Berlin,Germany,73,,,,,
1027,University of Texas Health Science Center at Houston,United States,,,301-400,,,
1028,Babol Noshirvani University of Technology,Iran,351-400,,,,,
1029,Oregon Health & Science University (OHSU),United States,251-300,,201-300,,,
1030,Baylor College of Medicine,United States,,,151-200,,,
1031,Baylor University,United States,,,,,,
1032,Qufu Normal University,China,,,,,,
1033,Changsha University of Science and Technology,China,,,,,,
1034,Central China Normal University,China,,,501-600,,,
1035,Guangzhou University,China,,,501-600,,,
1036,Thomas Jefferson University (Philadelphia University and Thomas Jefferson University),United States,,,501-600,,,
1037,University of Texas MD Anderson Cancer Center,United States,,,67,,,
1038,Mayo Clinic Alix School of Medicine,United States,,,101-150,,,
1039,Mayo Clinic (Education and Research),United States,,,,,,
1040,"Rutgers, the State University of New Jersey",United States,190,,,,,
1041,Indiana University,United States,167,,,,,
1042,Medical University of Graz,Austria,196,,,,,
1043,Scuola Normale Superiore di Pisa,Italy,197,,401-500,,,
1044,Alfaisal University,Saudi Arabia,201-250,,,,,
1045,Brighton and Sussex Medical School,United Kingdom,201-250,,,,,
1046,Copenhagen Business School,Denmark,201-250,,,,,
1047,University of Massachusetts,United States,201-250,,,,,
1048,Medical University of Innsbruck,Austria,201-250,,401-500,,,
1049,Medical University of Vienna (Medizinische Universität Wien),Austria,201-250,,201-300,,,
1050,RCSI University of Medicine and Health Sciences,Ireland,201-250,,,,,
1051,"St George's, University of London",United Kingdom,201-250,,,,,
1052,Sant'Anna School of Advanced Studies - Pisa,Italy,201-250,,,,,
1053,University of Luxembourg,Luxembourg,251-300,,,,,
1054,Semmelweis University,Hungary,251-300,,,,,
1055,University of Cape Coast,Ghana,301-350,,,,,
1056,Anglia Ruskin University (ARU),United Kingdom,301-350,,,,,
1057,"University of California, Merced",United States,301-350,,401-500,,,
1058,"China Medical University, Taiwan",Taiwan,301-350,,,,,
1059,China Medical University,China,,,501-600,,,
1060,Hofstra University,United States,301-350,,,,,
1061,Nova Southeastern University,United States,301-350,,,,,
1062,Reykjavík University,Iceland,301-350,,,,,
1063,University of Iceland,Iceland,,,501-600,,,
1064,Rush University,United States,301-350,,501-600,,,
1065,Swedish University of Agricultural Sciences (SLU),Sweden,301-350,,201-300,,,
1066,Harokopio University,Greece,351-400,,,,,
1067,University of Alabama at Birmingham,United States,,,301-400,,,
1068,Brigham Young University,United States,,,401-500,,,
1069,Ton Duc Thang University,Vietnam,,,,,,
1070,Cranfield University,United Kingdom,,,,,,
1071,Zhejiang Normal University,China,,,,,,
1072,Zhejiang University of Technology,China,,,501-600,,,
1073,Medical University of South Carolina (MUSC),United States,,,301-400,,,
1074,Fuzhou University,China,,,301-400,,,
1075,Guangdong University of Technology,China,,,301-400,,,
1076,Shandong Normal University,China,,,,,,
1077,Paris-East Créteil Val de Marne University,France,,,,,,
1078,Aligarh Muslim University,India,,,,,,
1079,University of Texas Health Science Center at San Antonio,United States,,,401-500,,,
1080,Wuhan Institute of Technology,China,,,,,,
1081,University of Toledo,United States,,,,,,
1082,China University of Petroleum Beijing,China,,,,,,
1083,"China University of Petroleum (Huadong), East China",China,,,401-500,,,
1084,Southwest Jiaotong University,China,,,501-600,,,
1085,Southwest University,China,,,501-600,,,
1086,Jiangsu Normal University,China,,,,,,
1087,Jiangsu University,China,,,301-400,,,
1088,Augusta University,United States,,,,,,
1089,University of Campania Luigi Vanvitelli,Italy,,,,,,
1090,Mashhad University of Medical Sciences,Iran,,,,,,
1091,Beijing University of Chemical Technology,China,,,301-400,,,
1092,International School for Advanced Studies of Trieste (SISSA),Italy,,,,,,
1093,Albert Einstein College of Medicine,United States,,,301-400,,,
1094,Capital Medical University,China,,,301-400,,,
1095,Nanchang University,China,,,301-400,,,
1096,Ocean University of China,China,,,301-400,,,
1097,Vienna University of Technology (TU Wien),Austria,,,301-400,,,
1098,Zhengzhou University,China,,,301-400,,,
1099,China University of Mining and Technology (Xuzhou),China,,,401-500,,,
1100,COMSATS University Islamabad (CUI),Pakistan,,,401-500,,,
1101,CUNY Graduate School and University Center,United States,,,401-500,,,
1102,Nanjing Normal University,China,,,401-500,,,
1103,Nanjing University of Information Science & Technology,China,,,401-500,,,
1104,Northern Arizona University,United States,,,401-500,,,
1105,Qingdao University,China,,,401-500,,,
1106,Saint Louis University,United States,,,401-500,,,
1107,ShanghaiTech University,China,,,401-500,,,
1108,Southern Medical University,China,,,401-500,,,
1109,Stockholm School of Economics,Sweden,,,401-500,,,
1110,City College of New York,United States,,,401-500,,,
1111,University of Maine,United States,,,401-500,,,
1112,"University of Natural Resources and Life Sciences, Vienna",Austria,,,401-500,,,
1113,University of North Texas,United States,,,401-500,,,
1114,University of Texas Medical Branch at Galveston,United States,,,501-600,,,
1115,Xidian University,China,,,401-500,,,
1116,Yangzhou University,China,,,401-500,,,
1117,Kent State University,United States,,,501-600,,,
1118,University of Kashan,Iran,,,,,,
1119,Tata Institute of Fundamental Research,India,,,,,,
1120,University of Belgrade,Serbia,,,501-600,,,
1121,University of Ibadan,Nigeria,,,,,,
1122,Islamic Azad University,Iran,,,,,,
1123,Aga Khan University,Pakistan,,,,,,
1124,Mansoura University,Egypt,,,,,,
1125,Clermont Auvergne University,France,,,501-600,,,
1126,North West University,South Africa,,,,,,
1127,Addis Ababa University,Ethiopia,,,,,,
1128,"University of Texas, Arlington",United States,,,,,,
1129,University of Wuppertal,Germany,,,,,,
1130,Hefei University of Technology,China,,,501-600,,,
1131,Hohai University,China,,,501-600,,,
1132,Humanitas University,Italy,,,501-600,,,
1133,Jiangnan University,China,,,501-600,,,
1134,Medical College of Wisconsin,United States,,,501-600,,,
1135,National Polytechnic Institute,Italy,,,501-600,,,
1136,Ohio University,United States,,,501-600,,,
1137,San Diego State University,United States,,,501-600,,,
1138,Shaanxi Normal University,China,,,501-600,,,
1139,South China Normal University,China,,,501-600,,,
1140,Taiyuan University of Technology,China,,,501-600,,,
1141,Tarbiat Modares University,Iran,,,501-600,,,
1142,University of Alaska Fairbanks,United States,,,501-600,,,
1143,University of Alaska System,United States,,,,,,
1144,University of Burgundy,France,,,501-600,,,
1145,University of Idaho,United States,,,501-600,,,
1146,"University of Nevada, Reno",United States,,,501-600,,,
1147,"University of Nevada, Las Vegas",United States,,,501-600,,,
1148,University of Vigo,Spain,,,501-600,,,
1149,Wenzhou Medical University,China,,,501-600,,,
1150,Yunnan University,China,,,501-600,,,
1151,Johns Hopkins University School of Medicine,United States,,,,,,
1152,University of Louisville,United States,,,,,,
1153,Open University,United Kingdom,,,,,,
1154,University of Arkansas,United States,,,,,,
1155,Rochester Institute of Technology,United States,,,,,,
1156,University of Colorado System,United States,,,,,,
1157,Universidad de Málaga,Spain,,,,,,
1158,Old Dominion University,United States,,,,,,
1159,University of Rhode Island,United States,,,,,,
1160,Portland State University,United States,,,,,,
1161,Florida Atlantic University,United States,,,,,,
1162,University of Calabria,Italy,,,,,,
1163,New Mexico State University,United States,,,,,,
1164,Montana State University,United States,,,,,,
1165,University of Castilla–La Mancha,Spain,,,,,,
1166,University of Cagliari,Italy,,,,,,
1167,Northern Illinois University,United States,,,,,,
1168,Bar Ilan University,Israel,,,,,,
1169,University of Minnesota System,United States,,,,,,
1170,École Centrale de Lyon,France,,,,,,
1171,University of Nebraska Medical Center,United States,,,,,,
1172,Loma Linda University,United States,,,,,,
1173,University of Versailles Saint-Quentin-en-Yvelines,France,,,,,,
1174,Air Force Medical University,China,,,,,,
1175,University of Greifswald,Germany,351-400,,,,,
1176,University of Hail,Saudi Arabia,351-400,,,,,
1177,IMT Atlantique,France,351-400,,,,,
1178,Indian Institute of Technology Ropar,India,351-400,,,,,
1179,JSS Academy of Higher Education & Research,India,351-400,,,,,
1180,Kurdistan University of Medical Sciences,Iran,351-400,,,,,
1181,Mazandaran University of Medical Sciences,Iran,351-400,,,,,
1182,University of Passau,Germany,351-400,,,,,
1183,North China Electric Power University,China,,,,,,
1184,Institut National Polytechnique de Toulouse,France,,,,,,
1185,Wuhan University of Science and Technology,China,,,,,,
1186,Dalian Medical University,China,,,,,,
